"market","date","close_at"
"CN","2025-10-31","2025-10-31T15:00:00+08:00"
"CN","2025-11-03","2025-11-03T15:00:00+08:00"
"CN","2025-11-04","2025-11-04T15:00:00+08:00"
"CN","2025-11-05","2025-11-05T15:00:00+08:00"
"CN","2025-11-06","2025-11-06T15:00:00+08:00"
"CN","2025-11-07","2025-11-07T15:00:00+08:00"
"CN","2025-11-10","2025-11-10T15:00:00+08:00"
"CN","2025-11-11","2025-11-11T15:00:00+08:00"
"CN","2025-11-12","2025-11-12T15:00:00+08:00"
"CN","2025-11-13","2025-11-13T15:00:00+08:00"
"CN","2025-11-14","2025-11-14T15:00:00+08:00"
"CN","2025-11-17","2025-11-17T15:00:00+08:00"
"CN","2025-11-18","2025-11-18T15:00:00+08:00"
"CN","2025-11-19","2025-11-19T15:00:00+08:00"
"CN","2025-11-20","2025-11-20T15:00:00+08:00"
"CN","2025-11-21","2025-11-21T15:00:00+08:00"
"CN","2025-11-24","2025-11-24T15:00:00+08:00"
"CN","2025-11-25","2025-11-25T15:00:00+08:00"
"CN","2025-11-26","2025-11-26T15:00:00+08:00"
"CN","2025-11-27","2025-11-27T15:00:00+08:00"
"CN","2025-11-28","2025-11-28T15:00:00+08:00"
"CN","2025-12-01","2025-12-01T15:00:00+08:00"
"CN","2025-12-02","2025-12-02T15:00:00+08:00"
"CN","2025-12-03","2025-12-03T15:00:00+08:00"
"CN","2025-12-04","2025-12-04T15:00:00+08:00"
"CN","2025-12-05","2025-12-05T15:00:00+08:00"
"CN","2025-12-08","2025-12-08T15:00:00+08:00"
"CN","2025-12-09","2025-12-09T15:00:00+08:00"
"CN","2025-12-10","2025-12-10T15:00:00+08:00"
"CN","2025-12-11","2025-12-11T15:00:00+08:00"
"CN","2025-12-12","2025-12-12T15:00:00+08:00"
"CN","2025-12-15","2025-12-15T15:00:00+08:00"
"CN","2025-12-16","2025-12-16T15:00:00+08:00"
"CN","2025-12-17","2025-12-17T15:00:00+08:00"
"CN","2025-12-18","2025-12-18T15:00:00+08:00"
"CN","2025-12-19","2025-12-19T15:00:00+08:00"
"CN","2025-12-22","2025-12-22T15:00:00+08:00"
"CN","2025-12-23","2025-12-23T15:00:00+08:00"
"CN","2025-12-24","2025-12-24T15:00:00+08:00"
"CN","2025-12-25","2025-12-25T15:00:00+08:00"
"CN","2025-12-26","2025-12-26T15:00:00+08:00"
"CN","2025-12-29","2025-12-29T15:00:00+08:00"
"CN","2025-12-30","2025-12-30T15:00:00+08:00"
"CN","2025-12-31","2025-12-31T15:00:00+08:00"
"CN","2026-01-01","2026-01-01T15:00:00+08:00"
"CN","2026-01-02","2026-01-02T15:00:00+08:00"
"CN","2026-01-05","2026-01-05T15:00:00+08:00"
"CN","2026-01-06","2026-01-06T15:00:00+08:00"
"CN","2026-01-07","2026-01-07T15:00:00+08:00"
"CN","2026-01-08","2026-01-08T15:00:00+08:00"
"CN","2026-01-09","2026-01-09T15:00:00+08:00"
"CN","2026-01-12","2026-01-12T15:00:00+08:00"
"CN","2026-01-13","2026-01-13T15:00:00+08:00"
"CN","2026-01-14","2026-01-14T15:00:00+08:00"
"CN","2026-01-15","2026-01-15T15:00:00+08:00"
"CN","2026-01-16","2026-01-16T15:00:00+08:00"
"CN","2026-01-19","2026-01-19T15:00:00+08:00"
"CN","2026-01-20","2026-01-20T15:00:00+08:00"
"CN","2026-01-21","2026-01-21T15:00:00+08:00"
"CN","2026-01-22","2026-01-22T15:00:00+08:00"
"CN","2026-01-23","2026-01-23T15:00:00+08:00"
"CN","2026-01-26","2026-01-26T15:00:00+08:00"
"CN","2026-01-27","2026-01-27T15:00:00+08:00"
"CN","2026-01-28","2026-01-28T15:00:00+08:00"
"CN","2026-01-29","2026-01-29T15:00:00+08:00"
"CN","2026-01-30","2026-01-30T15:00:00+08:00"
"CN","2026-02-02","2026-02-02T15:00:00+08:00"
"CN","2026-02-03","2026-02-03T15:00:00+08:00"
"CN","2026-02-04","2026-02-04T15:00:00+08:00"
"CN","2026-02-05","2026-02-05T15:00:00+08:00"
"CN","2026-02-06","2026-02-06T15:00:00+08:00"
"CN","2026-02-09","2026-02-09T15:00:00+08:00"
"CN","2026-02-10","2026-02-10T15:00:00+08:00"
"CN","2026-02-11","2026-02-11T15:00:00+08:00"
"CN","2026-02-12","2026-02-12T15:00:00+08:00"
"CN","2026-02-13","2026-02-13T15:00:00+08:00"
"CN","2026-02-16","2026-02-16T15:00:00+08:00"
"CN","2026-02-17","2026-02-17T15:00:00+08:00"
"CN","2026-02-18","2026-02-18T15:00:00+08:00"
"CN","2026-02-19","2026-02-19T15:00:00+08:00"
"CN","2026-02-20","2026-02-20T15:00:00+08:00"
"CN","2026-02-23","2026-02-23T15:00:00+08:00"
"CN","2026-02-24","2026-02-24T15:00:00+08:00"
"CN","2026-02-25","2026-02-25T15:00:00+08:00"
"CN","2026-02-26","2026-02-26T15:00:00+08:00"
"CN","2026-02-27","2026-02-27T15:00:00+08:00"
"CN","2026-03-02","2026-03-02T15:00:00+08:00"
"CN","2026-03-03","2026-03-03T15:00:00+08:00"
"CN","2026-03-04","2026-03-04T15:00:00+08:00"
"CN","2026-03-05","2026-03-05T15:00:00+08:00"
"CN","2026-03-06","2026-03-06T15:00:00+08:00"
"CN","2026-03-09","2026-03-09T15:00:00+08:00"
"CN","2026-03-10","2026-03-10T15:00:00+08:00"
"CN","2026-03-11","2026-03-11T15:00:00+08:00"
"CN","2026-03-12","2026-03-12T15:00:00+08:00"
"CN","2026-03-13","2026-03-13T15:00:00+08:00"
"CN","2026-03-16","2026-03-16T15:00:00+08:00"
"CN","2026-03-17","2026-03-17T15:00:00+08:00"
"CN","2026-03-18","2026-03-18T15:00:00+08:00"
"CN","2026-03-19","2026-03-19T15:00:00+08:00"
"CN","2026-03-20","2026-03-20T15:00:00+08:00"
"CN","2026-03-23","2026-03-23T15:00:00+08:00"
"CN","2026-03-24","2026-03-24T15:00:00+08:00"
"CN","2026-03-25","2026-03-25T15:00:00+08:00"
"CN","2026-03-26","2026-03-26T15:00:00+08:00"
"CN","2026-03-27","2026-03-27T15:00:00+08:00"
"CN","2026-03-30","2026-03-30T15:00:00+08:00"
"CN","2026-03-31","2026-03-31T15:00:00+08:00"
"CN","2026-04-01","2026-04-01T15:00:00+08:00"
"CN","2026-04-02","2026-04-02T15:00:00+08:00"
"CN","2026-04-03","2026-04-03T15:00:00+08:00"
"CN","2026-04-06","2026-04-06T15:00:00+08:00"
"CN","2026-04-07","2026-04-07T15:00:00+08:00"
"CN","2026-04-08","2026-04-08T15:00:00+08:00"
"CN","2026-04-09","2026-04-09T15:00:00+08:00"
"CN","2026-04-10","2026-04-10T15:00:00+08:00"
"CN","2026-04-13","2026-04-13T15:00:00+08:00"
"CN","2026-04-14","2026-04-14T15:00:00+08:00"
"CN","2026-04-15","2026-04-15T15:00:00+08:00"
"CN","2026-04-16","2026-04-16T15:00:00+08:00"
"CN","2026-04-17","2026-04-17T15:00:00+08:00"
"CN","2026-04-20","2026-04-20T15:00:00+08:00"
"CN","2026-04-21","2026-04-21T15:00:00+08:00"
"CN","2026-04-22","2026-04-22T15:00:00+08:00"
"CN","2026-04-23","2026-04-23T15:00:00+08:00"
"CN","2026-04-24","2026-04-24T15:00:00+08:00"
"CN","2026-04-27","2026-04-27T15:00:00+08:00"
"CN","2026-04-28","2026-04-28T15:00:00+08:00"
"CN","2026-04-29","2026-04-29T15:00:00+08:00"
"CN","2026-04-30","2026-04-30T15:00:00+08:00"
"CN","2026-05-01","2026-05-01T15:00:00+08:00"
"CN","2026-05-04","2026-05-04T15:00:00+08:00"
"CN","2026-05-05","2026-05-05T15:00:00+08:00"
"CN","2026-05-06","2026-05-06T15:00:00+08:00"
"CN","2026-05-07","2026-05-07T15:00:00+08:00"
"CN","2026-05-08","2026-05-08T15:00:00+08:00"
"CN","2026-05-11","2026-05-11T15:00:00+08:00"
"CN","2026-05-12","2026-05-12T15:00:00+08:00"
"CN","2026-05-13","2026-05-13T15:00:00+08:00"
"CN","2026-05-14","2026-05-14T15:00:00+08:00"
"CN","2026-05-15","2026-05-15T15:00:00+08:00"
"CN","2026-05-18","2026-05-18T15:00:00+08:00"
"CN","2026-05-19","2026-05-19T15:00:00+08:00"
"CN","2026-05-20","2026-05-20T15:00:00+08:00"
"CN","2026-05-21","2026-05-21T15:00:00+08:00"
"CN","2026-05-22","2026-05-22T15:00:00+08:00"
"CN","2026-05-25","2026-05-25T15:00:00+08:00"
"CN","2026-05-26","2026-05-26T15:00:00+08:00"
"CN","2026-05-27","2026-05-27T15:00:00+08:00"
"CN","2026-05-28","2026-05-28T15:00:00+08:00"
"CN","2026-05-29","2026-05-29T15:00:00+08:00"
"CN","2026-06-01","2026-06-01T15:00:00+08:00"
"CN","2026-06-02","2026-06-02T15:00:00+08:00"
"CN","2026-06-03","2026-06-03T15:00:00+08:00"
"CN","2026-06-04","2026-06-04T15:00:00+08:00"
"CN","2026-06-05","2026-06-05T15:00:00+08:00"
"CN","2026-06-08","2026-06-08T15:00:00+08:00"
"CN","2026-06-09","2026-06-09T15:00:00+08:00"
"CN","2026-06-10","2026-06-10T15:00:00+08:00"
"CN","2026-06-11","2026-06-11T15:00:00+08:00"
"CN","2026-06-12","2026-06-12T15:00:00+08:00"
"CN","2026-06-15","2026-06-15T15:00:00+08:00"
"CN","2026-06-16","2026-06-16T15:00:00+08:00"
"CN","2026-06-17","2026-06-17T15:00:00+08:00"
"CN","2026-06-18","2026-06-18T15:00:00+08:00"
"CN","2026-06-19","2026-06-19T15:00:00+08:00"
"CN","2026-06-22","2026-06-22T15:00:00+08:00"
"CN","2026-06-23","2026-06-23T15:00:00+08:00"
"CN","2026-06-24","2026-06-24T15:00:00+08:00"
"CN","2026-06-25","2026-06-25T15:00:00+08:00"
"CN","2026-06-26","2026-06-26T15:00:00+08:00"
"CN","2026-06-29","2026-06-29T15:00:00+08:00"
"CN","2026-06-30","2026-06-30T15:00:00+08:00"
"CN","2026-07-01","2026-07-01T15:00:00+08:00"
"CN","2026-07-02","2026-07-02T15:00:00+08:00"
"CN","2026-07-03","2026-07-03T15:00:00+08:00"
"CN","2026-07-06","2026-07-06T15:00:00+08:00"
"CN","2026-07-07","2026-07-07T15:00:00+08:00"
"CN","2026-07-08","2026-07-08T15:00:00+08:00"
"CN","2026-07-09","2026-07-09T15:00:00+08:00"
"CN","2026-07-10","2026-07-10T15:00:00+08:00"
"CN","2026-07-13","2026-07-13T15:00:00+08:00"
"CN","2026-07-14","2026-07-14T15:00:00+08:00"
"CN","2026-07-15","2026-07-15T15:00:00+08:00"
"CN","2026-07-16","2026-07-16T15:00:00+08:00"
"CN","2026-07-17","2026-07-17T15:00:00+08:00"
"CN","2026-07-20","2026-07-20T15:00:00+08:00"
"CN","2026-07-21","2026-07-21T15:00:00+08:00"
"CN","2026-07-22","2026-07-22T15:00:00+08:00"
"CN","2026-07-23","2026-07-23T15:00:00+08:00"
"CN","2026-07-24","2026-07-24T15:00:00+08:00"
"CN","2026-07-27","2026-07-27T15:00:00+08:00"
"CN","2026-07-28","2026-07-28T15:00:00+08:00"
"CN","2026-07-29","2026-07-29T15:00:00+08:00"
"CN","2026-07-30","2026-07-30T15:00:00+08:00"
"CN","2026-07-31","2026-07-31T15:00:00+08:00"
"CN","2026-08-03","2026-08-03T15:00:00+08:00"
"CN","2026-08-04","2026-08-04T15:00:00+08:00"
"CN","2026-08-05","2026-08-05T15:00:00+08:00"
"CN","2026-08-06","2026-08-06T15:00:00+08:00"
"CN","2026-08-07","2026-08-07T15:00:00+08:00"
"CN","2026-08-10","2026-08-10T15:00:00+08:00"
"CN","2026-08-11","2026-08-11T15:00:00+08:00"
"CN","2026-08-12","2026-08-12T15:00:00+08:00"
"CN","2026-08-13","2026-08-13T15:00:00+08:00"
"CN","2026-08-14","2026-08-14T15:00:00+08:00"
"CN","2026-08-17","2026-08-17T15:00:00+08:00"
"CN","2026-08-18","2026-08-18T15:00:00+08:00"
"CN","2026-08-19","2026-08-19T15:00:00+08:00"
"CN","2026-08-20","2026-08-20T15:00:00+08:00"
"CN","2026-08-21","2026-08-21T15:00:00+08:00"
"CN","2026-08-24","2026-08-24T15:00:00+08:00"
"CN","2026-08-25","2026-08-25T15:00:00+08:00"
"CN","2026-08-26","2026-08-26T15:00:00+08:00"
"CN","2026-08-27","2026-08-27T15:00:00+08:00"
"CN","2026-08-28","2026-08-28T15:00:00+08:00"
"CN","2026-08-31","2026-08-31T15:00:00+08:00"
"CN","2026-09-01","2026-09-01T15:00:00+08:00"
"CN","2026-09-02","2026-09-02T15:00:00+08:00"
"CN","2026-09-03","2026-09-03T15:00:00+08:00"
"CN","2026-09-04","2026-09-04T15:00:00+08:00"
"US","2025-10-31","2025-10-31T16:00:00-04:00"
"US","2025-11-03","2025-11-03T16:00:00-04:00"
"US","2025-11-04","2025-11-04T16:00:00-04:00"
"US","2025-11-05","2025-11-05T16:00:00-04:00"
"US","2025-11-06","2025-11-06T16:00:00-04:00"
"US","2025-11-07","2025-11-07T16:00:00-04:00"
"US","2025-11-10","2025-11-10T16:00:00-04:00"
"US","2025-11-11","2025-11-11T16:00:00-04:00"
"US","2025-11-12","2025-11-12T16:00:00-04:00"
"US","2025-11-13","2025-11-13T16:00:00-04:00"
"US","2025-11-14","2025-11-14T16:00:00-04:00"
"US","2025-11-17","2025-11-17T16:00:00-04:00"
"US","2025-11-18","2025-11-18T16:00:00-04:00"
"US","2025-11-19","2025-11-19T16:00:00-04:00"
"US","2025-11-20","2025-11-20T16:00:00-04:00"
"US","2025-11-21","2025-11-21T16:00:00-04:00"
"US","2025-11-24","2025-11-24T16:00:00-04:00"
"US","2025-11-25","2025-11-25T16:00:00-04:00"
"US","2025-11-26","2025-11-26T16:00:00-04:00"
"US","2025-11-27","2025-11-27T16:00:00-04:00"
"US","2025-11-28","2025-11-28T16:00:00-04:00"
"US","2025-12-01","2025-12-01T16:00:00-04:00"
"US","2025-12-02","2025-12-02T16:00:00-04:00"
"US","2025-12-03","2025-12-03T16:00:00-04:00"
"US","2025-12-04","2025-12-04T16:00:00-04:00"
"US","2025-12-05","2025-12-05T16:00:00-04:00"
"US","2025-12-08","2025-12-08T16:00:00-04:00"
"US","2025-12-09","2025-12-09T16:00:00-04:00"
"US","2025-12-10","2025-12-10T16:00:00-04:00"
"US","2025-12-11","2025-12-11T16:00:00-04:00"
"US","2025-12-12","2025-12-12T16:00:00-04:00"
"US","2025-12-15","2025-12-15T16:00:00-04:00"
"US","2025-12-16","2025-12-16T16:00:00-04:00"
"US","2025-12-17","2025-12-17T16:00:00-04:00"
"US","2025-12-18","2025-12-18T16:00:00-04:00"
"US","2025-12-19","2025-12-19T16:00:00-04:00"
"US","2025-12-22","2025-12-22T16:00:00-04:00"
"US","2025-12-23","2025-12-23T16:00:00-04:00"
"US","2025-12-24","2025-12-24T16:00:00-04:00"
"US","2025-12-25","2025-12-25T16:00:00-04:00"
"US","2025-12-26","2025-12-26T16:00:00-04:00"
"US","2025-12-29","2025-12-29T16:00:00-04:00"
"US","2025-12-30","2025-12-30T16:00:00-04:00"
"US","2025-12-31","2025-12-31T16:00:00-04:00"
"US","2026-01-01","2026-01-01T16:00:00-04:00"
"US","2026-01-02","2026-01-02T16:00:00-04:00"
"US","2026-01-05","2026-01-05T16:00:00-04:00"
"US","2026-01-06","2026-01-06T16:00:00-04:00"
"US","2026-01-07","2026-01-07T16:00:00-04:00"
"US","2026-01-08","2026-01-08T16:00:00-04:00"
"US","2026-01-09","2026-01-09T16:00:00-04:00"
"US","2026-01-12","2026-01-12T16:00:00-04:00"
"US","2026-01-13","2026-01-13T16:00:00-04:00"
"US","2026-01-14","2026-01-14T16:00:00-04:00"
"US","2026-01-15","2026-01-15T16:00:00-04:00"
"US","2026-01-16","2026-01-16T16:00:00-04:00"
"US","2026-01-19","2026-01-19T16:00:00-04:00"
"US","2026-01-20","2026-01-20T16:00:00-04:00"
"US","2026-01-21","2026-01-21T16:00:00-04:00"
"US","2026-01-22","2026-01-22T16:00:00-04:00"
"US","2026-01-23","2026-01-23T16:00:00-04:00"
"US","2026-01-26","2026-01-26T16:00:00-04:00"
"US","2026-01-27","2026-01-27T16:00:00-04:00"
"US","2026-01-28","2026-01-28T16:00:00-04:00"
"US","2026-01-29","2026-01-29T16:00:00-04:00"
"US","2026-01-30","2026-01-30T16:00:00-04:00"
"US","2026-02-02","2026-02-02T16:00:00-04:00"
"US","2026-02-03","2026-02-03T16:00:00-04:00"
"US","2026-02-04","2026-02-04T16:00:00-04:00"
"US","2026-02-05","2026-02-05T16:00:00-04:00"
"US","2026-02-06","2026-02-06T16:00:00-04:00"
"US","2026-02-09","2026-02-09T16:00:00-04:00"
"US","2026-02-10","2026-02-10T16:00:00-04:00"
"US","2026-02-11","2026-02-11T16:00:00-04:00"
"US","2026-02-12","2026-02-12T16:00:00-04:00"
"US","2026-02-13","2026-02-13T16:00:00-04:00"
"US","2026-02-16","2026-02-16T16:00:00-04:00"
"US","2026-02-17","2026-02-17T16:00:00-04:00"
"US","2026-02-18","2026-02-18T16:00:00-04:00"
"US","2026-02-19","2026-02-19T16:00:00-04:00"
"US","2026-02-20","2026-02-20T16:00:00-04:00"
"US","2026-02-23","2026-02-23T16:00:00-04:00"
"US","2026-02-24","2026-02-24T16:00:00-04:00"
"US","2026-02-25","2026-02-25T16:00:00-04:00"
"US","2026-02-26","2026-02-26T16:00:00-04:00"
"US","2026-02-27","2026-02-27T16:00:00-04:00"
"US","2026-03-02","2026-03-02T16:00:00-04:00"
"US","2026-03-03","2026-03-03T16:00:00-04:00"
"US","2026-03-04","2026-03-04T16:00:00-04:00"
"US","2026-03-05","2026-03-05T16:00:00-04:00"
"US","2026-03-06","2026-03-06T16:00:00-04:00"
"US","2026-03-09","2026-03-09T16:00:00-04:00"
"US","2026-03-10","2026-03-10T16:00:00-04:00"
"US","2026-03-11","2026-03-11T16:00:00-04:00"
"US","2026-03-12","2026-03-12T16:00:00-04:00"
"US","2026-03-13","2026-03-13T16:00:00-04:00"
"US","2026-03-16","2026-03-16T16:00:00-04:00"
"US","2026-03-17","2026-03-17T16:00:00-04:00"
"US","2026-03-18","2026-03-18T16:00:00-04:00"
"US","2026-03-19","2026-03-19T16:00:00-04:00"
"US","2026-03-20","2026-03-20T16:00:00-04:00"
"US","2026-03-23","2026-03-23T16:00:00-04:00"
"US","2026-03-24","2026-03-24T16:00:00-04:00"
"US","2026-03-25","2026-03-25T16:00:00-04:00"
"US","2026-03-26","2026-03-26T16:00:00-04:00"
"US","2026-03-27","2026-03-27T16:00:00-04:00"
"US","2026-03-30","2026-03-30T16:00:00-04:00"
"US","2026-03-31","2026-03-31T16:00:00-04:00"
"US","2026-04-01","2026-04-01T16:00:00-04:00"
"US","2026-04-02","2026-04-02T16:00:00-04:00"
"US","2026-04-03","2026-04-03T16:00:00-04:00"
"US","2026-04-06","2026-04-06T16:00:00-04:00"
"US","2026-04-07","2026-04-07T16:00:00-04:00"
"US","2026-04-08","2026-04-08T16:00:00-04:00"
"US","2026-04-09","2026-04-09T16:00:00-04:00"
"US","2026-04-10","2026-04-10T16:00:00-04:00"
"US","2026-04-13","2026-04-13T16:00:00-04:00"
"US","2026-04-14","2026-04-14T16:00:00-04:00"
"US","2026-04-15","2026-04-15T16:00:00-04:00"
"US","2026-04-16","2026-04-16T16:00:00-04:00"
"US","2026-04-17","2026-04-17T16:00:00-04:00"
"US","2026-04-20","2026-04-20T16:00:00-04:00"
"US","2026-04-21","2026-04-21T16:00:00-04:00"
"US","2026-04-22","2026-04-22T16:00:00-04:00"
"US","2026-04-23","2026-04-23T16:00:00-04:00"
"US","2026-04-24","2026-04-24T16:00:00-04:00"
"US","2026-04-27","2026-04-27T16:00:00-04:00"
"US","2026-04-28","2026-04-28T16:00:00-04:00"
"US","2026-04-29","2026-04-29T16:00:00-04:00"
"US","2026-04-30","2026-04-30T16:00:00-04:00"
"US","2026-05-01","2026-05-01T16:00:00-04:00"
"US","2026-05-04","2026-05-04T16:00:00-04:00"
"US","2026-05-05","2026-05-05T16:00:00-04:00"
"US","2026-05-06","2026-05-06T16:00:00-04:00"
"US","2026-05-07","2026-05-07T16:00:00-04:00"
"US","2026-05-08","2026-05-08T16:00:00-04:00"
"US","2026-05-11","2026-05-11T16:00:00-04:00"
"US","2026-05-12","2026-05-12T16:00:00-04:00"
"US","2026-05-13","2026-05-13T16:00:00-04:00"
"US","2026-05-14","2026-05-14T16:00:00-04:00"
"US","2026-05-15","2026-05-15T16:00:00-04:00"
"US","2026-05-18","2026-05-18T16:00:00-04:00"
"US","2026-05-19","2026-05-19T16:00:00-04:00"
"US","2026-05-20","2026-05-20T16:00:00-04:00"
"US","2026-05-21","2026-05-21T16:00:00-04:00"
"US","2026-05-22","2026-05-22T16:00:00-04:00"
"US","2026-05-25","2026-05-25T16:00:00-04:00"
"US","2026-05-26","2026-05-26T16:00:00-04:00"
"US","2026-05-27","2026-05-27T16:00:00-04:00"
"US","2026-05-28","2026-05-28T16:00:00-04:00"
"US","2026-05-29","2026-05-29T16:00:00-04:00"
"US","2026-06-01","2026-06-01T16:00:00-04:00"
"US","2026-06-02","2026-06-02T16:00:00-04:00"
"US","2026-06-03","2026-06-03T16:00:00-04:00"
"US","2026-06-04","2026-06-04T16:00:00-04:00"
"US","2026-06-05","2026-06-05T16:00:00-04:00"
"US","2026-06-08","2026-06-08T16:00:00-04:00"
"US","2026-06-09","2026-06-09T16:00:00-04:00"
"US","2026-06-10","2026-06-10T16:00:00-04:00"
"US","2026-06-11","2026-06-11T16:00:00-04:00"
"US","2026-06-12","2026-06-12T16:00:00-04:00"
"US","2026-06-15","2026-06-15T16:00:00-04:00"
"US","2026-06-16","2026-06-16T16:00:00-04:00"
"US","2026-06-17","2026-06-17T16:00:00-04:00"
"US","2026-06-18","2026-06-18T16:00:00-04:00"
"US","2026-06-19","2026-06-19T16:00:00-04:00"
"US","2026-06-22","2026-06-22T16:00:00-04:00"
"US","2026-06-23","2026-06-23T16:00:00-04:00"
"US","2026-06-24","2026-06-24T16:00:00-04:00"
"US","2026-06-25","2026-06-25T16:00:00-04:00"
"US","2026-06-26","2026-06-26T16:00:00-04:00"
"US","2026-06-29","2026-06-29T16:00:00-04:00"
"US","2026-06-30","2026-06-30T16:00:00-04:00"
"US","2026-07-01","2026-07-01T16:00:00-04:00"
"US","2026-07-02","2026-07-02T16:00:00-04:00"
"US","2026-07-03","2026-07-03T16:00:00-04:00"
"US","2026-07-06","2026-07-06T16:00:00-04:00"
"US","2026-07-07","2026-07-07T16:00:00-04:00"
"US","2026-07-08","2026-07-08T16:00:00-04:00"
"US","2026-07-09","2026-07-09T16:00:00-04:00"
"US","2026-07-10","2026-07-10T16:00:00-04:00"
"US","2026-07-13","2026-07-13T16:00:00-04:00"
"US","2026-07-14","2026-07-14T16:00:00-04:00"
"US","2026-07-15","2026-07-15T16:00:00-04:00"
"US","2026-07-16","2026-07-16T16:00:00-04:00"
"US","2026-07-17","2026-07-17T16:00:00-04:00"
"US","2026-07-20","2026-07-20T16:00:00-04:00"
"US","2026-07-21","2026-07-21T16:00:00-04:00"
"US","2026-07-22","2026-07-22T16:00:00-04:00"
"US","2026-07-23","2026-07-23T16:00:00-04:00"
"US","2026-07-24","2026-07-24T16:00:00-04:00"
"US","2026-07-27","2026-07-27T16:00:00-04:00"
"US","2026-07-28","2026-07-28T16:00:00-04:00"
"US","2026-07-29","2026-07-29T16:00:00-04:00"
"US","2026-07-30","2026-07-30T16:00:00-04:00"
"US","2026-07-31","2026-07-31T16:00:00-04:00"
"US","2026-08-03","2026-08-03T16:00:00-04:00"
"US","2026-08-04","2026-08-04T16:00:00-04:00"
"US","2026-08-05","2026-08-05T16:00:00-04:00"
"US","2026-08-06","2026-08-06T16:00:00-04:00"
"US","2026-08-07","2026-08-07T16:00:00-04:00"
"US","2026-08-10","2026-08-10T16:00:00-04:00"
"US","2026-08-11","2026-08-11T16:00:00-04:00"
"US","2026-08-12","2026-08-12T16:00:00-04:00"
"US","2026-08-13","2026-08-13T16:00:00-04:00"
"US","2026-08-14","2026-08-14T16:00:00-04:00"
"US","2026-08-17","2026-08-17T16:00:00-04:00"
"US","2026-08-18","2026-08-18T16:00:00-04:00"
"US","2026-08-19","2026-08-19T16:00:00-04:00"
"US","2026-08-20","2026-08-20T16:00:00-04:00"
"US","2026-08-21","2026-08-21T16:00:00-04:00"
"US","2026-08-24","2026-08-24T16:00:00-04:00"
"US","2026-08-25","2026-08-25T16:00:00-04:00"
"US","2026-08-26","2026-08-26T16:00:00-04:00"
"US","2026-08-27","2026-08-27T16:00:00-04:00"
"US","2026-08-28","2026-08-28T16:00:00-04:00"
"US","2026-08-31","2026-08-31T16:00:00-04:00"
"US","2026-09-01","2026-09-01T16:00:00-04:00"
"US","2026-09-02","2026-09-02T16:00:00-04:00"
"US","2026-09-03","2026-09-03T16:00:00-04:00"